{
  "Erman365": {
    "color": 4890367,
    "hat": "none",
    "cape": "none",
    "position": {
      "x": 24.424886378742006,
      "y": 0.27,
      "z": -32.1987108236663
    }
  }
}