{
  "Erman365": {
    "color": 5263440,
    "hat": "none",
    "cape": "helldiver",
    "position": {
      "x": 4.5157966657687725,
      "y": 0.27,
      "z": -2.0255227288438866
    }
  },
  "Erman": {
    "color": 26367,
    "hat": "none",
    "cape": "blue",
    "position": {
      "x": 18.503163413324458,
      "y": 0.27,
      "z": -6.220223328415737
    }
  }
}