{
  "Erman365": {
    "color": 26367,
    "hat": "none",
    "cape": "helldiver",
    "position": {
      "x": -3.0169512699420813,
      "y": 0.27,
      "z": -1.417351184567901
    }
  }
}